stock,status,main_reasons,stock_pe,sector_pe,delivery_pct,monthly_delivery_pct,borrowings_crore,roe_pct,roce_pct,vwap,today_news_status,today_news_reasons,failed_checks,unavailable_checks
INFY,REJECT,Rising price with negative news; Reported borrowings,13.33,21.83,50.090145533896276,55.46112037115064,9176.0,31.9,40.0,,CONFLICT,PRICE_RISING_WITH_NEGATIVE_NEWS; NEGATIVE_NEWS_OPPOSES_LONG_TRADE,valuation_quality; delivery_quality; debt_free_quality; institutional_holding_quality; promoter_holding_quality; quarterly_results_quality; commentary_quality; recent_news_quality; sector_one_year_quality; sector_leadership_quality,vwap_quality
NYKAA,REJECT,Reported borrowings; PE outside sector ±5%,375.39,18.09,51.695394885780324,51.44730067708547,1238.0,15.3,17.2,,UNVERIFIED,TODAY_NEWS_CHECK_INCOMPLETE,valuation_quality; debt_free_quality; institutional_holding_quality; promoter_holding_quality; commentary_quality; recent_news_quality,sector_one_year_quality; sector_leadership_quality; vwap_quality
ANANDRATHI,REJECT,Rising price with negative news; Reported borrowings,76.53,39.04,42.81069453633305,54.407270436009156,83.0,47.3,59.2,,CONFLICT,PRICE_RISING_WITH_NEGATIVE_NEWS; NEGATIVE_NEWS_OPPOSES_LONG_TRADE,valuation_quality; delivery_quality; debt_free_quality; promoter_holding_quality; commentary_quality; recent_news_quality,sector_one_year_quality; sector_leadership_quality; vwap_quality
PNBHOUSING,REJECT,Rising price with negative news; Reported borrowings,12.99,12.71,50.20621159086909,52.82674356734437,71199.0,12.7,9.4,,CONFLICT,PRICE_RISING_WITH_NEGATIVE_NEWS; NEGATIVE_NEWS_OPPOSES_LONG_TRADE,delivery_quality; debt_free_quality; roe_quality; roce_quality; promoter_holding_quality; commentary_quality; recent_news_quality,sector_one_year_quality; sector_leadership_quality; vwap_quality
PNB,REJECT,Rising price with negative news; Reported borrowings,6.02,8.85,31.68141450559639,46.38861176555283,107558.0,13.0,6.13,,CONFLICT,PRICE_RISING_WITH_NEGATIVE_NEWS; NEGATIVE_NEWS_OPPOSES_LONG_TRADE,valuation_quality; delivery_quality; debt_free_quality; roe_quality; roce_quality; institutional_holding_quality; commentary_quality; recent_news_quality; sector_one_year_quality,vwap_quality
AXISBANK,REJECT,Reported borrowings; PE outside sector ±5%,13.94,18.23,56.21725899297003,61.191853432396236,280511.0,13.1,6.24,,UNVERIFIED,TODAY_NEWS_CHECK_INCOMPLETE,valuation_quality; delivery_quality; debt_free_quality; roe_quality; roce_quality; institutional_holding_quality; promoter_holding_quality; sector_one_year_quality,commentary_quality; recent_news_quality; vwap_quality
PAYTM,REJECT,News conflicts with trade; Reported borrowings,162.15,547.59,33.886911586368115,40.78312647611135,172.0,4.64,4.96,,CONFLICT,NEGATIVE_NEWS_OPPOSES_LONG_TRADE,valuation_quality; delivery_quality; debt_free_quality; roe_quality; roce_quality; institutional_holding_quality; commentary_quality; recent_news_quality,promoter_holding_quality; quarterly_results_quality; sector_one_year_quality; sector_leadership_quality; vwap_quality
COFORGE,REJECT,News conflicts with trade; Reported borrowings,45.56,21.83,47.23420918512921,46.73460504626142,728.0,21.4,23.5,,CONFLICT,NEGATIVE_NEWS_OPPOSES_LONG_TRADE,valuation_quality; debt_free_quality; institutional_holding_quality; promoter_holding_quality; commentary_quality; recent_news_quality; sector_one_year_quality,vwap_quality
SRF,REJECT,Reported borrowings; PE outside sector ±5%,34.24,49.58,65.49451316491417,47.928251525928694,5083.0,14.3,14.6,,UNVERIFIED,TODAY_NEWS_CHECK_INCOMPLETE,valuation_quality; debt_free_quality; roe_quality; roce_quality; institutional_holding_quality,commentary_quality; recent_news_quality; sector_one_year_quality; sector_leadership_quality; vwap_quality
BLUESTARCO,REJECT,Reported borrowings; PE outside sector ±5%,61.49,82.13,34.71955572458223,42.82653654511751,810.0,17.2,21.2,,UNVERIFIED,TODAY_NEWS_CHECK_INCOMPLETE,valuation_quality; delivery_quality; debt_free_quality; institutional_holding_quality; promoter_holding_quality; quarterly_results_quality; commentary_quality,recent_news_quality; sector_one_year_quality; sector_leadership_quality; vwap_quality
MPHASIS,REJECT,Rising price with negative news; Reported borrowings,23.08,21.83,45.05673720481319,43.10577622572229,2620.0,18.5,22.1,,CONFLICT,PRICE_RISING_WITH_NEGATIVE_NEWS; NEGATIVE_NEWS_OPPOSES_LONG_TRADE,valuation_quality; debt_free_quality; institutional_holding_quality; promoter_holding_quality; commentary_quality; recent_news_quality; sector_one_year_quality,vwap_quality
BANKBARODA,REJECT,Reported borrowings; PE outside sector ±5%,6.68,8.85,42.4274270401827,52.32565936374331,170297.0,12.7,5.63,,NO_TODAY_NEWS,,valuation_quality; delivery_quality; debt_free_quality; roe_quality; roce_quality; institutional_holding_quality; quarterly_results_quality; commentary_quality; recent_news_quality; sector_one_year_quality; sector_leadership_quality,vwap_quality
TITAN,REJECT,Reported borrowings; PE outside sector ±5%,67.36,52.06,44.95632403567266,59.032622776916334,30621.0,37.7,20.5,,UNVERIFIED,TODAY_NEWS_CHECK_INCOMPLETE,valuation_quality; delivery_quality; debt_free_quality; institutional_holding_quality; commentary_quality,recent_news_quality; sector_one_year_quality; sector_leadership_quality; vwap_quality
HDFCLIFE,REJECT,News conflicts with trade; Reported borrowings,60.07,13.52,50.73281452149466,49.357394290401174,3099.0,11.3,10.3,,CONFLICT,NEGATIVE_NEWS_OPPOSES_LONG_TRADE,valuation_quality; debt_free_quality; roe_quality; roce_quality; institutional_holding_quality; quarterly_results_quality; commentary_quality; recent_news_quality,promoter_holding_quality; sector_one_year_quality; sector_leadership_quality; vwap_quality
ENRIN,REJECT,Delivery below monthly baseline; Ownership requirements failed,,,39.481599039807215,43.93343602304524,,,,,UNVERIFIED,TODAY_NEWS_CHECK_INCOMPLETE,delivery_quality; institutional_holding_quality,valuation_quality; debt_free_quality; roe_quality; roce_quality; promoter_holding_quality; quarterly_results_quality; commentary_quality; recent_news_quality; sector_one_year_quality; sector_leadership_quality; vwap_quality
BAJAJHLDNG,REJECT,Reported borrowings; PE outside sector ±5%,13.47,65.53,57.48502994011976,55.89328205346541,10.0,11.9,11.0,,UNVERIFIED,TODAY_NEWS_CHECK_INCOMPLETE,valuation_quality; debt_free_quality; roe_quality; roce_quality; institutional_holding_quality; quarterly_results_quality,commentary_quality; recent_news_quality; sector_one_year_quality; sector_leadership_quality; vwap_quality
ICICIGI,REJECT,Ownership requirements failed; Promoter requirements failed,,,61.83361881923033,56.18643075456847,,,,,NO_TODAY_NEWS,,institutional_holding_quality; promoter_holding_quality; commentary_quality; recent_news_quality,valuation_quality; debt_free_quality; roe_quality; roce_quality; quarterly_results_quality; sector_one_year_quality; sector_leadership_quality; vwap_quality
SAGILITY,REJECT,Reported borrowings; PE outside sector ±5%,20.47,41.79,34.299182298711564,43.00378812298454,1111.0,10.6,13.4,,UNVERIFIED,TODAY_NEWS_CHECK_INCOMPLETE,valuation_quality; delivery_quality; debt_free_quality; roe_quality; roce_quality; institutional_holding_quality; commentary_quality,recent_news_quality; sector_one_year_quality; sector_leadership_quality; vwap_quality
LICHSGFIN,REJECT,Reported borrowings; PE outside sector ±5%,5.14,12.71,42.84564555104232,46.40799650709702,277539.0,14.4,8.59,,UNVERIFIED,TODAY_NEWS_CHECK_INCOMPLETE,valuation_quality; delivery_quality; debt_free_quality; roe_quality; roce_quality; quarterly_results_quality; commentary_quality,recent_news_quality; sector_one_year_quality; sector_leadership_quality; vwap_quality
TRENT,REJECT,Reported borrowings; PE outside sector ±5%,85.04,58.71,32.52701757261471,42.653845669252405,2561.0,27.7,28.3,,NO_TODAY_NEWS,,valuation_quality; delivery_quality; debt_free_quality; institutional_holding_quality; promoter_holding_quality; recent_news_quality,commentary_quality; sector_one_year_quality; sector_leadership_quality; vwap_quality
