stock,technical_score,pe,sector_pe,pe_deviation_pct,roe,roce,borrowings_crore,delivery_pct,monthly_delivery_pct,news_evidence,detailed_reasons
INFY,54,13.33,21.83,-38.93724232707283,31.9,40.0,9176.0,50.090145533896276,55.46112037115064,IT stocks including Infosys outperformed the broader market ahead of TCS earnings. This article supports sector momentum; it is not evidence of company-specific adverse news.,"Measured strengths: ROE, ROCE. | PE: 13.33 versus sector 21.83; deviation -38.94%. Allowed range: 20.74–22.92. Discounts greater than 5% also fail the configured matching rule. | ROE: 31.90%; required at least 15.00%. | ROCE: 40.00%; required at least 15.00%. | Reported borrowings: ₹9,176.00 crore; debt/equity 0.10. The configured debt-free rule requires zero borrowings. Reported amounts can include lease liabilities; lending-company borrowings are part of their funding business. | Delivery: 50.09% versus 55.46% over the preceding 20 sessions. The daily figure is from the latest completed session, not intraday delivery. | FII: 27.09%; quarter-on-quarter change -1.36 percentage points. Minimum holding 5.00%; changes must be non-negative. | DII: 42.78%; quarter-on-quarter change -0.41 percentage points. Minimum holding 5.00%; changes must be non-negative. | Promoter: 13.82%; change -0.56 percentage points; pledged/encumbered holding 0.00%. Required holding ≥40.00%, non-decreasing and unpledged. | Revenue YoY growth, latest three reported quarters (oldest to newest): 8.90%, 13.38%, 14.03%. All three must be positive. | Net profit YoY growth, latest three reported quarters (oldest to newest): -2.29%, 20.90%, 12.29%. All three must be positive. | Commentary check: FAIL. Positive themes: not recorded; negative-signal count: 0. This is an interpretation of prepared remarks, not a company-reported rating. | One-year sector return: FAIL. sector_one_year_return_percent: -17.49 Reason: SECTOR_ONE_YEAR_RETURN_NOT_POSITIVE. | Stock versus sector over one year: FAIL. stock_one_year_return_percent: -29.36, sector_one_year_return_percent: -17.49 Reason: STOCK_DOES_NOT_OUTPERFORM_SECTOR. | Current-session VWAP: UNKNOWN.  Reason: SESSION_VWAP_DATA_STALE. | Block-deal check: PASS.  Reason: NO_MATERIAL_BLOCK_DEAL_PRICE_IMPACT. | Verified news (2026-10-08, SUPPORTIVE SECTOR CONTEXT): IT stocks including Infosys outperformed the broader market ahead of TCS earnings. This article supports sector momentum; it is not evidence of company-specific adverse news. [Source](https://upstox.com/news/market-news/stocks/it-stocks-shine-tcs-mphasis-coforge-infosys-others-power-nifty-it-up-2-2-despite-overall-weak-market-here-s-why/article-201511/)."
NYKAA,70,375.39,18.09,1975.1243781094527,15.3,17.2,1238.0,51.695394885780324,51.44730067708547,No independently verified adverse company news recorded here,"Measured strengths: delivery versus monthly baseline, ROE, ROCE, three-quarter growth. | PE: 375.39 versus sector 18.09; deviation 1,975.12%. Allowed range: 17.19–18.99. Discounts greater than 5% also fail the configured matching rule. | ROE: 15.30%; required at least 15.00%. | ROCE: 17.20%; required at least 15.00%. | Reported borrowings: ₹1,238.00 crore; debt/equity 0.86. The configured debt-free rule requires zero borrowings. Reported amounts can include lease liabilities; lending-company borrowings are part of their funding business. | Delivery: 51.70% versus 51.45% over the preceding 20 sessions. The daily figure is from the latest completed session, not intraday delivery. | FII: 13.73%; quarter-on-quarter change 1.33 percentage points. Minimum holding 5.00%; changes must be non-negative. | DII: 24.08%; quarter-on-quarter change -1.27 percentage points. Minimum holding 5.00%; changes must be non-negative. | Promoter: 52.07%; change -0.02 percentage points; pledged/encumbered holding Not verified. Required holding ≥40.00%, non-decreasing and unpledged. | Revenue YoY growth, latest three reported quarters (oldest to newest): 26.73%, 28.42%, 29.10%. All three must be positive. | Net profit YoY growth, latest three reported quarters (oldest to newest): 161.54%, 315.79%, 233.33%. All three must be positive. | Commentary check: FAIL. Positive themes: growth, margins, outlook; negative-signal count: 0. This is an interpretation of prepared remarks, not a company-reported rating. | One-year sector return: UNKNOWN.  Reason: SECTOR_ONE_YEAR_RETURN_MISSING. | Stock versus sector over one year: UNKNOWN. stock_one_year_return_percent: 43.51 Reason: STOCK_OR_SECTOR_ONE_YEAR_RETURN_MISSING. | Current-session VWAP: UNKNOWN.  Reason: SESSION_VWAP_DATA_STALE. | Block-deal check: PASS.  Reason: NO_MATERIAL_BLOCK_DEAL_PRICE_IMPACT. | News: no independently verified stock-specific adverse development is recorded in this explanation. A model sentiment flag alone does not establish an adverse event; unresolved items require review."
ANANDRATHI,67,76.53,39.04,96.0297131147541,47.3,59.2,83.0,42.81069453633305,54.407270436009156,No independently verified adverse company news recorded here,"Measured strengths: ROE, ROCE, three-quarter growth, FII/DII holdings. | PE: 76.53 versus sector 39.04; deviation 96.03%. Allowed range: 37.09–40.99. Discounts greater than 5% also fail the configured matching rule. | ROE: 47.30%; required at least 15.00%. | ROCE: 59.20%; required at least 15.00%. | Reported borrowings: ₹83.00 crore; debt/equity 0.08. The configured debt-free rule requires zero borrowings. Reported amounts can include lease liabilities; lending-company borrowings are part of their funding business. | Delivery: 42.81% versus 54.41% over the preceding 20 sessions. The daily figure is from the latest completed session, not intraday delivery. | FII: 6.37%; quarter-on-quarter change 0.59 percentage points. Minimum holding 5.00%; changes must be non-negative. | DII: 10.40%; quarter-on-quarter change 1.30 percentage points. Minimum holding 5.00%; changes must be non-negative. | Promoter: 41.37%; change -1.74 percentage points; pledged/encumbered holding 13.83%. Required holding ≥40.00%, non-decreasing and unpledged. | Revenue YoY growth, latest three reported quarters (oldest to newest): 22.36%, 29.73%, 17.52%. All three must be positive. | Net profit YoY growth, latest three reported quarters (oldest to newest): 29.87%, 39.19%, 73.40%. All three must be positive. | Commentary check: FAIL. Positive themes: outlook; negative-signal count: 0. This is an interpretation of prepared remarks, not a company-reported rating. | One-year sector return: UNKNOWN.  Reason: SECTOR_ONE_YEAR_RETURN_MISSING. | Stock versus sector over one year: UNKNOWN. stock_one_year_return_percent: 52.04 Reason: STOCK_OR_SECTOR_ONE_YEAR_RETURN_MISSING. | Current-session VWAP: UNKNOWN.  Reason: SESSION_VWAP_DATA_STALE. | Block-deal check: PASS.  Reason: NO_MATERIAL_BLOCK_DEAL_PRICE_IMPACT. | News: no independently verified stock-specific adverse development is recorded in this explanation. A model sentiment flag alone does not establish an adverse event; unresolved items require review."
PNBHOUSING,82,12.99,12.71,2.202989771833197,12.7,9.4,71199.0,50.20621159086909,52.82674356734437,"The company announced a CRISIL AAA/Stable upgrade from AA+/Stable. It is a supportive credit-quality development from the previous day; it does not override the return, ownership, delivery, and zero-borrowings filters.","Measured strengths: PE range, three-quarter growth, FII/DII holdings. | PE: 12.99 versus sector 12.71; deviation 2.20%. Allowed range: 12.07–13.35. Discounts greater than 5% also fail the configured matching rule. | ROE: 12.70%; required at least 15.00%. | ROCE: 9.40%; required at least 15.00%. | Reported borrowings: ₹71,199.00 crore; debt/equity 3.70. The configured debt-free rule requires zero borrowings. Reported amounts can include lease liabilities; lending-company borrowings are part of their funding business. | Delivery: 50.21% versus 52.83% over the preceding 20 sessions. The daily figure is from the latest completed session, not intraday delivery. | FII: 16.81%; quarter-on-quarter change 0.21 percentage points. Minimum holding 5.00%; changes must be non-negative. | DII: 45.71%; quarter-on-quarter change 1.64 percentage points. Minimum holding 5.00%; changes must be non-negative. | Promoter: 28.03%; change -0.01 percentage points; pledged/encumbered holding Not verified. Required holding ≥40.00%, non-decreasing and unpledged. | Revenue YoY growth, latest three reported quarters (oldest to newest): 9.11%, 7.91%, 9.01%. All three must be positive. | Net profit YoY growth, latest three reported quarters (oldest to newest): 7.66%, 19.27%, 4.31%. All three must be positive. | Commentary check: FAIL. Positive themes: growth, margins, outlook; negative-signal count: 0. This is an interpretation of prepared remarks, not a company-reported rating. | One-year sector return: UNKNOWN.  Reason: SECTOR_ONE_YEAR_RETURN_MISSING. | Stock versus sector over one year: UNKNOWN. stock_one_year_return_percent: 33.51 Reason: STOCK_OR_SECTOR_ONE_YEAR_RETURN_MISSING. | Current-session VWAP: UNKNOWN.  Reason: SESSION_VWAP_DATA_STALE. | Block-deal check: PASS.  Reason: NO_MATERIAL_BLOCK_DEAL_PRICE_IMPACT. | Verified news (2026-10-07, SUPPORTIVE RECENT COMPANY DEVELOPMENT): The company announced a CRISIL AAA/Stable upgrade from AA+/Stable. It is a supportive credit-quality development from the previous day; it does not override the return, ownership, delivery, and zero-borrowings filters. [Source](https://www.bseindia.com/xml-data/corpfiling/AttachLive/51963579-6823-44e1-bb58-88b4d28577d2.pdf)."
PNB,71,6.02,8.85,-31.977401129943505,13.0,6.13,107558.0,31.68141450559639,46.38861176555283,No independently verified adverse company news recorded here,"Measured strengths: three-quarter growth, promoter holding. | PE: 6.02 versus sector 8.85; deviation -31.98%. Allowed range: 8.41–9.29. Discounts greater than 5% also fail the configured matching rule. | ROE: 13.00%; required at least 15.00%. | ROCE: 6.13%; required at least 15.00%. | Reported borrowings: ₹107,558.00 crore; debt/equity 0.72. The configured debt-free rule requires zero borrowings. Reported amounts can include lease liabilities; lending-company borrowings are part of their funding business. | Delivery: 31.68% versus 46.39% over the preceding 20 sessions. The daily figure is from the latest completed session, not intraday delivery. | FII: 5.93%; quarter-on-quarter change -0.46 percentage points. Minimum holding 5.00%; changes must be non-negative. | DII: 16.06%; quarter-on-quarter change 0.01 percentage points. Minimum holding 5.00%; changes must be non-negative. | Promoter: 70.08%; change 0.00 percentage points; pledged/encumbered holding 0.00%. Required holding ≥40.00%, non-decreasing and unpledged. | Revenue YoY growth, latest three reported quarters (oldest to newest): 3.12%, 0.85%, 3.12%. All three must be positive. | Net profit YoY growth, latest three reported quarters (oldest to newest): 15.92%, 11.79%, 169.27%. All three must be positive. | Commentary check: FAIL. Positive themes: growth, margins, outlook; negative-signal count: 0. This is an interpretation of prepared remarks, not a company-reported rating. | One-year sector return: FAIL. sector_one_year_return_percent: -0.28 Reason: SECTOR_ONE_YEAR_RETURN_NOT_POSITIVE. | Stock versus sector over one year: PASS. stock_one_year_return_percent: 5.34, sector_one_year_return_percent: -0.28 Reason: STOCK_OUTPERFORMS_SECTOR. | Current-session VWAP: UNKNOWN.  Reason: SESSION_VWAP_DATA_STALE. | Block-deal check: PASS.  Reason: NO_MATERIAL_BLOCK_DEAL_PRICE_IMPACT. | News: no independently verified stock-specific adverse development is recorded in this explanation. A model sentiment flag alone does not establish an adverse event; unresolved items require review."
AXISBANK,49,13.94,18.23,-23.53263850795393,13.1,6.24,280511.0,56.21725899297003,61.191853432396236,No independently verified adverse company news recorded here,"Measured strengths: three-quarter growth. | PE: 13.94 versus sector 18.23; deviation -23.53%. Allowed range: 17.32–19.14. Discounts greater than 5% also fail the configured matching rule. | ROE: 13.10%; required at least 15.00%. | ROCE: 6.24%; required at least 15.00%. | Reported borrowings: ₹280,511.00 crore; debt/equity 1.30. The configured debt-free rule requires zero borrowings. Reported amounts can include lease liabilities; lending-company borrowings are part of their funding business. | Delivery: 56.22% versus 61.19% over the preceding 20 sessions. The daily figure is from the latest completed session, not intraday delivery. | FII: 39.91%; quarter-on-quarter change -2.13 percentage points. Minimum holding 5.00%; changes must be non-negative. | DII: 42.69%; quarter-on-quarter change -0.66 percentage points. Minimum holding 5.00%; changes must be non-negative. | Promoter: 7.87%; change -0.27 percentage points; pledged/encumbered holding 0.00%. Required holding ≥40.00%, non-decreasing and unpledged. | Revenue YoY growth, latest three reported quarters (oldest to newest): 4.81%, 5.30%, 9.87%. All three must be positive. | Net profit YoY growth, latest three reported quarters (oldest to newest): 4.15%, 1.77%, 22.15%. All three must be positive. | Commentary check: UNKNOWN. Positive themes: not recorded; negative-signal count: not recorded. This is an interpretation of prepared remarks, not a company-reported rating. | One-year sector return: FAIL. sector_one_year_return_percent: -0.28 Reason: SECTOR_ONE_YEAR_RETURN_NOT_POSITIVE. | Stock versus sector over one year: PASS. stock_one_year_return_percent: 10.16, sector_one_year_return_percent: -0.28 Reason: STOCK_OUTPERFORMS_SECTOR. | Current-session VWAP: UNKNOWN.  Reason: SESSION_VWAP_DATA_STALE. | Block-deal check: PASS.  Reason: NO_MATERIAL_BLOCK_DEAL_PRICE_IMPACT. | News: no independently verified stock-specific adverse development is recorded in this explanation. A model sentiment flag alone does not establish an adverse event; unresolved items require review."
PAYTM,68,162.15,547.59,-70.38842929929328,4.64,4.96,172.0,33.886911586368115,40.78312647611135,"CNBC-TV18 reported requests to defer the UPI merchant-discount-rate rollout to January 2027. A delay could postpone expected payment-revenue benefits. The proposal was reported as under consideration, not a confirmed NPCI decision.","Measured strengths: no complete company-data requirement passed. | PE: 162.15 versus sector 547.59; deviation -70.39%. Allowed range: 520.21–574.97. Discounts greater than 5% also fail the configured matching rule. | ROE: 4.64%; required at least 15.00%. | ROCE: 4.96%; required at least 15.00%. | Reported borrowings: ₹172.00 crore; debt/equity 0.01. The configured debt-free rule requires zero borrowings. Reported amounts can include lease liabilities; lending-company borrowings are part of their funding business. | Delivery: 33.89% versus 40.78% over the preceding 20 sessions. The daily figure is from the latest completed session, not intraday delivery. | FII: 48.09%; quarter-on-quarter change -1.31 percentage points. Minimum holding 5.00%; changes must be non-negative. | DII: 24.87%; quarter-on-quarter change 1.79 percentage points. Minimum holding 5.00%; changes must be non-negative. | Promoter: Not verified; change Not verified percentage points; pledged/encumbered holding Not verified. Required holding ≥40.00%, non-decreasing and unpledged. | Revenue YoY growth, latest three reported quarters (oldest to newest): 20.02%, 18.41%, 27.63%. All three must be positive. | Net profit YoY growth, latest three reported quarters (oldest to newest): Not verified on a comparable basis. All three must be positive. | Commentary check: FAIL. Positive themes: growth, margins, outlook; negative-signal count: 0. This is an interpretation of prepared remarks, not a company-reported rating. | One-year sector return: UNKNOWN.  Reason: SECTOR_ONE_YEAR_RETURN_MISSING. | Stock versus sector over one year: UNKNOWN. stock_one_year_return_percent: 46.02 Reason: STOCK_OR_SECTOR_ONE_YEAR_RETURN_MISSING. | Current-session VWAP: UNKNOWN.  Reason: SESSION_VWAP_DATA_STALE. | Block-deal check: PASS.  Reason: NO_MATERIAL_BLOCK_DEAL_PRICE_IMPACT. | Verified news (2026-10-08, ADVERSE REPORT; POLICY DECISION PENDING): CNBC-TV18 reported requests to defer the UPI merchant-discount-rate rollout to January 2027. A delay could postpone expected payment-revenue benefits. The proposal was reported as under consideration, not a confirmed NPCI decision. [Source](https://www.tradingview.com/news/cnbctv%3A5bfb3a41d094b%3A0/)."
COFORGE,63,45.56,21.83,108.70361887311044,21.4,23.5,728.0,47.23420918512921,46.73460504626142,Coforge was among IT stocks outperforming the broader market ahead of TCS results. Broad market weakness does not make this adverse company news.,"Measured strengths: delivery versus monthly baseline, ROE, ROCE, three-quarter growth. | PE: 45.56 versus sector 21.83; deviation 108.70%. Allowed range: 20.74–22.92. Discounts greater than 5% also fail the configured matching rule. | ROE: 21.40%; required at least 15.00%. | ROCE: 23.50%; required at least 15.00%. | Reported borrowings: ₹728.00 crore; debt/equity 0.08. The configured debt-free rule requires zero borrowings. Reported amounts can include lease liabilities; lending-company borrowings are part of their funding business. | Delivery: 47.23% versus 46.73% over the preceding 20 sessions. The daily figure is from the latest completed session, not intraday delivery. | FII: 24.31%; quarter-on-quarter change -6.35 percentage points. Minimum holding 5.00%; changes must be non-negative. | DII: 42.62%; quarter-on-quarter change -13.56 percentage points. Minimum holding 5.00%; changes must be non-negative. | Promoter: 0.00%; change 0.00 percentage points; pledged/encumbered holding 0.00%. Required holding ≥40.00%, non-decreasing and unpledged. | Revenue YoY growth, latest three reported quarters (oldest to newest): 29.90%, 30.04%, 49.24%. All three must be positive. | Net profit YoY growth, latest three reported quarters (oldest to newest): 16.02%, 116.94%, 49.44%. All three must be positive. | Commentary check: FAIL. Positive themes: not recorded; negative-signal count: 0. This is an interpretation of prepared remarks, not a company-reported rating. | One-year sector return: FAIL. sector_one_year_return_percent: -17.49 Reason: SECTOR_ONE_YEAR_RETURN_NOT_POSITIVE. | Stock versus sector over one year: PASS. stock_one_year_return_percent: 14.08, sector_one_year_return_percent: -17.49 Reason: STOCK_OUTPERFORMS_SECTOR. | Current-session VWAP: UNKNOWN.  Reason: SESSION_VWAP_DATA_STALE. | Block-deal check: PASS.  Reason: NO_MATERIAL_BLOCK_DEAL_PRICE_IMPACT. | Verified news (2026-10-08, SUPPORTIVE SECTOR CONTEXT): Coforge was among IT stocks outperforming the broader market ahead of TCS results. Broad market weakness does not make this adverse company news. [Source](https://upstox.com/news/market-news/stocks/it-stocks-shine-tcs-mphasis-coforge-infosys-others-power-nifty-it-up-2-2-despite-overall-weak-market-here-s-why/article-201511/)."
SRF,48,34.24,49.58,-30.939895118999594,14.3,14.6,5083.0,65.49451316491417,47.928251525928694,No independently verified adverse company news recorded here,"Measured strengths: delivery versus monthly baseline, three-quarter growth, promoter holding. | PE: 34.24 versus sector 49.58; deviation -30.94%. Allowed range: 47.10–52.06. Discounts greater than 5% also fail the configured matching rule. | ROE: 14.30%; required at least 15.00%. | ROCE: 14.60%; required at least 15.00%. | Reported borrowings: ₹5,083.00 crore; debt/equity 0.36. The configured debt-free rule requires zero borrowings. Reported amounts can include lease liabilities; lending-company borrowings are part of their funding business. | Delivery: 65.49% versus 47.93% over the preceding 20 sessions. The daily figure is from the latest completed session, not intraday delivery. | FII: 15.45%; quarter-on-quarter change -1.22 percentage points. Minimum holding 5.00%; changes must be non-negative. | DII: 22.44%; quarter-on-quarter change 1.27 percentage points. Minimum holding 5.00%; changes must be non-negative. | Promoter: 50.26%; change 0.00 percentage points; pledged/encumbered holding 0.00%. Required holding ≥40.00%, non-decreasing and unpledged. | Revenue YoY growth, latest three reported quarters (oldest to newest): 6.36%, 7.00%, 31.79%. All three must be positive. | Net profit YoY growth, latest three reported quarters (oldest to newest): 59.78%, 10.65%, 75.69%. All three must be positive. | Commentary check: UNKNOWN. Positive themes: not recorded; negative-signal count: not recorded. This is an interpretation of prepared remarks, not a company-reported rating. | One-year sector return: UNKNOWN.  Reason: SECTOR_ONE_YEAR_RETURN_MISSING. | Stock versus sector over one year: UNKNOWN. stock_one_year_return_percent: -11.57 Reason: STOCK_OR_SECTOR_ONE_YEAR_RETURN_MISSING. | Current-session VWAP: UNKNOWN.  Reason: SESSION_VWAP_DATA_STALE. | Block-deal check: PASS.  Reason: NO_MATERIAL_BLOCK_DEAL_PRICE_IMPACT. | News: no independently verified stock-specific adverse development is recorded in this explanation. A model sentiment flag alone does not establish an adverse event; unresolved items require review."
BLUESTARCO,45,61.49,82.13,-25.130890052356015,17.2,21.2,810.0,34.71955572458223,42.82653654511751,No independently verified adverse company news recorded here,"Measured strengths: ROE, ROCE. | PE: 61.49 versus sector 82.13; deviation -25.13%. Allowed range: 78.02–86.24. Discounts greater than 5% also fail the configured matching rule. | ROE: 17.20%; required at least 15.00%. | ROCE: 21.20%; required at least 15.00%. | Reported borrowings: ₹810.00 crore; debt/equity 0.24. The configured debt-free rule requires zero borrowings. Reported amounts can include lease liabilities; lending-company borrowings are part of their funding business. | Delivery: 34.72% versus 42.83% over the preceding 20 sessions. The daily figure is from the latest completed session, not intraday delivery. | FII: 12.75%; quarter-on-quarter change -1.05 percentage points. Minimum holding 5.00%; changes must be non-negative. | DII: 28.24%; quarter-on-quarter change 0.46 percentage points. Minimum holding 5.00%; changes must be non-negative. | Promoter: 36.49%; change 0.01 percentage points; pledged/encumbered holding 0.00%. Required holding ≥40.00%, non-decreasing and unpledged. | Revenue YoY growth, latest three reported quarters (oldest to newest): 4.20%, 1.32%, 13.28%. All three must be positive. | Net profit YoY growth, latest three reported quarters (oldest to newest): -38.64%, 17.01%, -14.88%. All three must be positive. | Commentary check: FAIL. Positive themes: growth, orders, margins; negative-signal count: 1. This is an interpretation of prepared remarks, not a company-reported rating. | One-year sector return: UNKNOWN.  Reason: SECTOR_ONE_YEAR_RETURN_MISSING. | Stock versus sector over one year: UNKNOWN. stock_one_year_return_percent: -18.39 Reason: STOCK_OR_SECTOR_ONE_YEAR_RETURN_MISSING. | Current-session VWAP: UNKNOWN.  Reason: SESSION_VWAP_DATA_STALE. | Block-deal check: PASS.  Reason: NO_MATERIAL_BLOCK_DEAL_PRICE_IMPACT. | News: no independently verified stock-specific adverse development is recorded in this explanation. A model sentiment flag alone does not establish an adverse event; unresolved items require review."
MPHASIS,60,23.08,21.83,5.726065048098938,18.5,22.1,2620.0,45.05673720481319,43.10577622572229,Mphasis participated in the IT-sector rally ahead of TCS results. The retrieved rally article is not an adverse company announcement.,"Measured strengths: delivery versus monthly baseline, ROE, ROCE, three-quarter growth. | PE: 23.08 versus sector 21.83; deviation 5.73%. Allowed range: 20.74–22.92. Discounts greater than 5% also fail the configured matching rule. | ROE: 18.50%; required at least 15.00%. | ROCE: 22.10%; required at least 15.00%. | Reported borrowings: ₹2,620.00 crore; debt/equity 0.24. The configured debt-free rule requires zero borrowings. Reported amounts can include lease liabilities; lending-company borrowings are part of their funding business. | Delivery: 45.06% versus 43.11% over the preceding 20 sessions. The daily figure is from the latest completed session, not intraday delivery. | FII: 19.50%; quarter-on-quarter change -0.01 percentage points. Minimum holding 5.00%; changes must be non-negative. | DII: 45.31%; quarter-on-quarter change -0.34 percentage points. Minimum holding 5.00%; changes must be non-negative. | Promoter: 30.54%; change -0.01 percentage points; pledged/encumbered holding 100.00%. Required holding ≥40.00%, non-decreasing and unpledged. | Revenue YoY growth, latest three reported quarters (oldest to newest): 12.41%, 14.37%, 17.47%. All three must be positive. | Net profit YoY growth, latest three reported quarters (oldest to newest): 3.27%, 14.35%, 10.86%. All three must be positive. | Commentary check: FAIL. Positive themes: growth, orders; negative-signal count: 1. This is an interpretation of prepared remarks, not a company-reported rating. | One-year sector return: FAIL. sector_one_year_return_percent: -17.49 Reason: SECTOR_ONE_YEAR_RETURN_NOT_POSITIVE. | Stock versus sector over one year: PASS. stock_one_year_return_percent: -10.28, sector_one_year_return_percent: -17.49 Reason: STOCK_OUTPERFORMS_SECTOR. | Current-session VWAP: UNKNOWN.  Reason: SESSION_VWAP_DATA_STALE. | Block-deal check: PASS.  Reason: NO_MATERIAL_BLOCK_DEAL_PRICE_IMPACT. | Verified news (2026-10-08, SUPPORTIVE SECTOR CONTEXT): Mphasis participated in the IT-sector rally ahead of TCS results. The retrieved rally article is not an adverse company announcement. [Source](https://upstox.com/news/market-news/stocks/it-stocks-shine-tcs-mphasis-coforge-infosys-others-power-nifty-it-up-2-2-despite-overall-weak-market-here-s-why/article-201511/)."
BANKBARODA,57,6.68,8.85,-24.519774011299432,12.7,5.63,170297.0,42.4274270401827,52.32565936374331,No independently verified adverse company news recorded here,"Measured strengths: promoter holding. | PE: 6.68 versus sector 8.85; deviation -24.52%. Allowed range: 8.41–9.29. Discounts greater than 5% also fail the configured matching rule. | ROE: 12.70%; required at least 15.00%. | ROCE: 5.63%; required at least 15.00%. | Reported borrowings: ₹170,297.00 crore; debt/equity 1.03. The configured debt-free rule requires zero borrowings. Reported amounts can include lease liabilities; lending-company borrowings are part of their funding business. | Delivery: 42.43% versus 52.33% over the preceding 20 sessions. The daily figure is from the latest completed session, not intraday delivery. | FII: 10.14%; quarter-on-quarter change 0.45 percentage points. Minimum holding 5.00%; changes must be non-negative. | DII: 18.33%; quarter-on-quarter change -0.59 percentage points. Minimum holding 5.00%; changes must be non-negative. | Promoter: 63.97%; change 0.00 percentage points; pledged/encumbered holding 0.00%. Required holding ≥40.00%, non-decreasing and unpledged. | Revenue YoY growth, latest three reported quarters (oldest to newest): 3.16%, 5.16%, 6.84%. All three must be positive. | Net profit YoY growth, latest three reported quarters (oldest to newest): 4.78%, 7.80%, -47.71%. All three must be positive. | Commentary check: FAIL. Positive themes: growth, outlook; negative-signal count: 0. This is an interpretation of prepared remarks, not a company-reported rating. | One-year sector return: FAIL. sector_one_year_return_percent: -0.28 Reason: SECTOR_ONE_YEAR_RETURN_NOT_POSITIVE. | Stock versus sector over one year: FAIL. stock_one_year_return_percent: -6.01, sector_one_year_return_percent: -0.28 Reason: STOCK_DOES_NOT_OUTPERFORM_SECTOR. | Current-session VWAP: UNKNOWN.  Reason: SESSION_VWAP_DATA_STALE. | Block-deal check: PASS.  Reason: NO_MATERIAL_BLOCK_DEAL_PRICE_IMPACT. | News: no independently verified stock-specific adverse development is recorded in this explanation. A model sentiment flag alone does not establish an adverse event; unresolved items require review."
TITAN,51,67.36,52.06,29.389166346523243,37.7,20.5,30621.0,44.95632403567266,59.032622776916334,No independently verified adverse company news recorded here,"Measured strengths: ROE, ROCE, three-quarter growth, promoter holding. | PE: 67.36 versus sector 52.06; deviation 29.39%. Allowed range: 49.46–54.66. Discounts greater than 5% also fail the configured matching rule. | ROE: 37.70%; required at least 15.00%. | ROCE: 20.50%; required at least 15.00%. | Reported borrowings: ₹30,621.00 crore; debt/equity 1.95. The configured debt-free rule requires zero borrowings. Reported amounts can include lease liabilities; lending-company borrowings are part of their funding business. | Delivery: 44.96% versus 59.03% over the preceding 20 sessions. The daily figure is from the latest completed session, not intraday delivery. | FII: 15.39%; quarter-on-quarter change -0.26 percentage points. Minimum holding 5.00%; changes must be non-negative. | DII: 15.15%; quarter-on-quarter change 0.31 percentage points. Minimum holding 5.00%; changes must be non-negative. | Promoter: 52.90%; change 0.00 percentage points; pledged/encumbered holding 0.00%. Required holding ≥40.00%, non-decreasing and unpledged. | Revenue YoY growth, latest three reported quarters (oldest to newest): 43.27%, 80.48%, 29.25%. All three must be positive. | Net profit YoY growth, latest three reported quarters (oldest to newest): 60.84%, 35.36%, 62.88%. All three must be positive. | Commentary check: FAIL. Positive themes: growth; negative-signal count: 0. This is an interpretation of prepared remarks, not a company-reported rating. | One-year sector return: UNKNOWN.  Reason: SECTOR_ONE_YEAR_RETURN_MISSING. | Stock versus sector over one year: UNKNOWN. stock_one_year_return_percent: 29.79 Reason: STOCK_OR_SECTOR_ONE_YEAR_RETURN_MISSING. | Current-session VWAP: UNKNOWN.  Reason: SESSION_VWAP_DATA_STALE. | Block-deal check: PASS.  Reason: NO_MATERIAL_BLOCK_DEAL_PRICE_IMPACT. | News: no independently verified stock-specific adverse development is recorded in this explanation. A model sentiment flag alone does not establish an adverse event; unresolved items require review."
HDFCLIFE,55,60.07,13.52,344.3047337278107,11.3,10.3,3099.0,50.73281452149466,49.357394290401174,No independently verified adverse company news recorded here,"Measured strengths: delivery versus monthly baseline. | PE: 60.07 versus sector 13.52; deviation 344.30%. Allowed range: 12.84–14.20. Discounts greater than 5% also fail the configured matching rule. | ROE: 11.30%; required at least 15.00%. | ROCE: 10.30%; required at least 15.00%. | Reported borrowings: ₹3,099.00 crore; debt/equity 0.17. The configured debt-free rule requires zero borrowings. Reported amounts can include lease liabilities; lending-company borrowings are part of their funding business. | Delivery: 50.73% versus 49.36% over the preceding 20 sessions. The daily figure is from the latest completed session, not intraday delivery. | FII: 19.27%; quarter-on-quarter change -3.25 percentage points. Minimum holding 5.00%; changes must be non-negative. | DII: 20.19%; quarter-on-quarter change 2.94 percentage points. Minimum holding 5.00%; changes must be non-negative. | Promoter: 50.54%; change 0.33 percentage points; pledged/encumbered holding Not verified. Required holding ≥40.00%, non-decreasing and unpledged. | Revenue YoY growth, latest three reported quarters (oldest to newest): 70.10%, -17.78%, 14.58%. All three must be positive. | Net profit YoY growth, latest three reported quarters (oldest to newest): -0.71%, 4.63%, 11.50%. All three must be positive. | Commentary check: FAIL. Positive themes: growth, margins, outlook; negative-signal count: 0. This is an interpretation of prepared remarks, not a company-reported rating. | One-year sector return: UNKNOWN.  Reason: SECTOR_ONE_YEAR_RETURN_MISSING. | Stock versus sector over one year: UNKNOWN. stock_one_year_return_percent: -27.93 Reason: STOCK_OR_SECTOR_ONE_YEAR_RETURN_MISSING. | Current-session VWAP: UNKNOWN.  Reason: SESSION_VWAP_DATA_STALE. | Block-deal check: PASS.  Reason: NO_MATERIAL_BLOCK_DEAL_PRICE_IMPACT. | News: no independently verified stock-specific adverse development is recorded in this explanation. A model sentiment flag alone does not establish an adverse event; unresolved items require review."
ENRIN,46,74.4,57.74,28.853481122272264,50.5,67.8,216.0,39.481599039807215,43.93343602304524,No independently verified adverse company news recorded here,"Measured strengths: ROE, ROCE, three-quarter growth. | PE: 74.40 versus sector 57.74; deviation 28.85%. Allowed range: 54.85–60.63. Discounts greater than 5% also fail the configured matching rule. | ROE: 50.50%; required at least 15.00%. | ROCE: 67.80%; required at least 15.00%. | Reported borrowings: ₹216.00 crore; debt/equity 0.04. The configured debt-free rule requires zero borrowings. Reported amounts can include lease liabilities; lending-company borrowings are part of their funding business. | Delivery: 39.48% versus 43.93% over the preceding 20 sessions. The daily figure is from the latest completed session, not intraday delivery. | FII: 7.72%; quarter-on-quarter change 0.13 percentage points. Minimum holding 5.00%; changes must be non-negative. | DII: 6.44%; quarter-on-quarter change -0.18 percentage points. Minimum holding 5.00%; changes must be non-negative. | Promoter: 75.00%; change 0.00 percentage points; pledged/encumbered holding Not verified. Required holding ≥40.00%, non-decreasing and unpledged. | Revenue YoY growth, latest three reported quarters (oldest to newest): 25.97%, 27.34%, 39.27%. All three must be positive. | Net profit YoY growth, latest three reported quarters (oldest to newest): 34.91%, 52.44%, 67.68%. All three must be positive. | Commentary check: UNKNOWN. Positive themes: not recorded; negative-signal count: not recorded. This is an interpretation of prepared remarks, not a company-reported rating. | One-year sector return: UNKNOWN.  Reason: SECTOR_ONE_YEAR_RETURN_MISSING. | Stock versus sector over one year: UNKNOWN. stock_one_year_return_percent: -7.07 Reason: STOCK_OR_SECTOR_ONE_YEAR_RETURN_MISSING. | Current-session VWAP: UNKNOWN.  Reason: SESSION_VWAP_DATA_STALE. | Block-deal check: PASS.  Reason: NO_MATERIAL_BLOCK_DEAL_PRICE_IMPACT. | News: no independently verified stock-specific adverse development is recorded in this explanation. A model sentiment flag alone does not establish an adverse event; unresolved items require review."
BAJAJHLDNG,38,13.47,65.53,-79.44452922325652,11.9,11.0,10.0,57.48502994011976,55.89328205346541,No independently verified adverse company news recorded here,"Measured strengths: delivery versus monthly baseline, promoter holding. | PE: 13.47 versus sector 65.53; deviation -79.44%. Allowed range: 62.25–68.81. Discounts greater than 5% also fail the configured matching rule. | ROE: 11.90%; required at least 15.00%. | ROCE: 11.00%; required at least 15.00%. | Reported borrowings: ₹10.00 crore; debt/equity 0.00. The configured debt-free rule requires zero borrowings. Reported amounts can include lease liabilities; lending-company borrowings are part of their funding business. | Delivery: 57.49% versus 55.89% over the preceding 20 sessions. The daily figure is from the latest completed session, not intraday delivery. | FII: 9.47%; quarter-on-quarter change -0.15 percentage points. Minimum holding 5.00%; changes must be non-negative. | DII: 8.26%; quarter-on-quarter change 0.18 percentage points. Minimum holding 5.00%; changes must be non-negative. | Promoter: 51.46%; change 0.00 percentage points; pledged/encumbered holding 0.00%. Required holding ≥40.00%, non-decreasing and unpledged. | Revenue YoY growth, latest three reported quarters (oldest to newest): 128.57%, -57.93%, 21.23%. All three must be positive. | Net profit YoY growth, latest three reported quarters (oldest to newest): 15.31%, 47.17%, -22.72%. All three must be positive. | Commentary check: UNKNOWN. Positive themes: not recorded; negative-signal count: not recorded. This is an interpretation of prepared remarks, not a company-reported rating. | One-year sector return: UNKNOWN.  Reason: SECTOR_ONE_YEAR_RETURN_MISSING. | Stock versus sector over one year: UNKNOWN. stock_one_year_return_percent: -12.47 Reason: STOCK_OR_SECTOR_ONE_YEAR_RETURN_MISSING. | Current-session VWAP: UNKNOWN.  Reason: SESSION_VWAP_DATA_STALE. | Block-deal check: PASS.  Reason: NO_MATERIAL_BLOCK_DEAL_PRICE_IMPACT. | News: no independently verified stock-specific adverse development is recorded in this explanation. A model sentiment flag alone does not establish an adverse event; unresolved items require review."
ICICIGI,61,33.2,32.89,0.9425357251444222,16.6,21.9,0.0,61.83361881923033,56.18643075456847,No independently verified adverse company news recorded here,"Measured strengths: PE range, delivery versus monthly baseline, ROE, ROCE, zero reported borrowings. | PE: 33.20 versus sector 32.89; deviation 0.94%. Allowed range: 31.25–34.53. Discounts greater than 5% also fail the configured matching rule. | ROE: 16.60%; required at least 15.00%. | ROCE: 21.90%; required at least 15.00%. | Reported borrowings: ₹0.00 crore; debt/equity 0.00. The configured debt-free rule requires zero borrowings. Reported amounts can include lease liabilities; lending-company borrowings are part of their funding business. | Delivery: 61.83% versus 56.19% over the preceding 20 sessions. The daily figure is from the latest completed session, not intraday delivery. | FII: 21.45%; quarter-on-quarter change -0.84 percentage points. Minimum holding 5.00%; changes must be non-negative. | DII: 20.64%; quarter-on-quarter change 1.23 percentage points. Minimum holding 5.00%; changes must be non-negative. | Promoter: 51.22%; change -0.06 percentage points; pledged/encumbered holding Not verified. Required holding ≥40.00%, non-decreasing and unpledged. | Revenue YoY growth, latest three reported quarters (oldest to newest): 12.08%, 12.79%, 10.82%. All three must be positive. | Net profit YoY growth, latest three reported quarters (oldest to newest): -8.98%, 7.25%, -46.05%. All three must be positive. | Commentary check: FAIL. Positive themes: growth, demand; negative-signal count: 2. This is an interpretation of prepared remarks, not a company-reported rating. | One-year sector return: UNKNOWN.  Reason: SECTOR_ONE_YEAR_RETURN_MISSING. | Stock versus sector over one year: UNKNOWN. stock_one_year_return_percent: -14.59 Reason: STOCK_OR_SECTOR_ONE_YEAR_RETURN_MISSING. | Current-session VWAP: UNKNOWN.  Reason: SESSION_VWAP_DATA_STALE. | Block-deal check: PASS.  Reason: NO_MATERIAL_BLOCK_DEAL_PRICE_IMPACT. | News: no independently verified stock-specific adverse development is recorded in this explanation. A model sentiment flag alone does not establish an adverse event; unresolved items require review."
SAGILITY,41,20.47,41.79,-51.016989710457054,10.6,13.4,1111.0,34.299182298711564,43.00378812298454,No independently verified adverse company news recorded here,"Measured strengths: three-quarter growth, promoter holding. | PE: 20.47 versus sector 41.79; deviation -51.02%. Allowed range: 39.70–43.88. Discounts greater than 5% also fail the configured matching rule. | ROE: 10.60%; required at least 15.00%. | ROCE: 13.40%; required at least 15.00%. | Reported borrowings: ₹1,111.00 crore; debt/equity 0.12. The configured debt-free rule requires zero borrowings. Reported amounts can include lease liabilities; lending-company borrowings are part of their funding business. | Delivery: 34.30% versus 43.00% over the preceding 20 sessions. The daily figure is from the latest completed session, not intraday delivery. | FII: 9.99%; quarter-on-quarter change -0.03 percentage points. Minimum holding 5.00%; changes must be non-negative. | DII: 21.42%; quarter-on-quarter change -0.86 percentage points. Minimum holding 5.00%; changes must be non-negative. | Promoter: 50.95%; change 0.00 percentage points; pledged/encumbered holding 0.00%. Required holding ≥40.00%, non-decreasing and unpledged. | Revenue YoY growth, latest three reported quarters (oldest to newest): 35.65%, 29.08%, 27.55%. All three must be positive. | Net profit YoY growth, latest three reported quarters (oldest to newest): 23.50%, 40.98%, 45.64%. All three must be positive. | Commentary check: FAIL. Positive themes: growth, outlook; negative-signal count: 0. This is an interpretation of prepared remarks, not a company-reported rating. | One-year sector return: UNKNOWN.  Reason: SECTOR_ONE_YEAR_RETURN_MISSING. | Stock versus sector over one year: UNKNOWN. stock_one_year_return_percent: 1.95 Reason: STOCK_OR_SECTOR_ONE_YEAR_RETURN_MISSING. | Current-session VWAP: UNKNOWN.  Reason: SESSION_VWAP_DATA_STALE. | Block-deal check: PASS.  Reason: NO_MATERIAL_BLOCK_DEAL_PRICE_IMPACT. | News: no independently verified stock-specific adverse development is recorded in this explanation. A model sentiment flag alone does not establish an adverse event; unresolved items require review."
LICHSGFIN,48,5.14,12.71,-59.55940204563337,14.4,8.59,277539.0,42.84564555104232,46.40799650709702,No independently verified adverse company news recorded here,"Measured strengths: FII/DII holdings, promoter holding. | PE: 5.14 versus sector 12.71; deviation -59.56%. Allowed range: 12.07–13.35. Discounts greater than 5% also fail the configured matching rule. | ROE: 14.40%; required at least 15.00%. | ROCE: 8.59%; required at least 15.00%. | Reported borrowings: ₹277,539.00 crore; debt/equity 6.70. The configured debt-free rule requires zero borrowings. Reported amounts can include lease liabilities; lending-company borrowings are part of their funding business. | Delivery: 42.85% versus 46.41% over the preceding 20 sessions. The daily figure is from the latest completed session, not intraday delivery. | FII: 21.47%; quarter-on-quarter change 0.08 percentage points. Minimum holding 5.00%; changes must be non-negative. | DII: 21.02%; quarter-on-quarter change 0.13 percentage points. Minimum holding 5.00%; changes must be non-negative. | Promoter: 45.24%; change 0.00 percentage points; pledged/encumbered holding 0.00%. Required holding ≥40.00%, non-decreasing and unpledged. | Revenue YoY growth, latest three reported quarters (oldest to newest): 1.92%, -2.86%, -1.43%. All three must be positive. | Net profit YoY growth, latest three reported quarters (oldest to newest): -2.58%, 8.66%, 9.90%. All three must be positive. | Commentary check: FAIL. Positive themes: not recorded; negative-signal count: 0. This is an interpretation of prepared remarks, not a company-reported rating. | One-year sector return: UNKNOWN.  Reason: SECTOR_ONE_YEAR_RETURN_MISSING. | Stock versus sector over one year: UNKNOWN. stock_one_year_return_percent: -5.04 Reason: STOCK_OR_SECTOR_ONE_YEAR_RETURN_MISSING. | Current-session VWAP: UNKNOWN.  Reason: SESSION_VWAP_DATA_STALE. | Block-deal check: PASS.  Reason: NO_MATERIAL_BLOCK_DEAL_PRICE_IMPACT. | News: no independently verified stock-specific adverse development is recorded in this explanation. A model sentiment flag alone does not establish an adverse event; unresolved items require review."
TRENT,76,85.04,58.71,44.84755578266055,27.7,28.3,2561.0,32.52701757261471,42.653845669252405,No independently verified adverse company news recorded here,"Measured strengths: ROE, ROCE, three-quarter growth. | PE: 85.04 versus sector 58.71; deviation 44.85%. Allowed range: 55.77–61.65. Discounts greater than 5% also fail the configured matching rule. | ROE: 27.70%; required at least 15.00%. | ROCE: 28.30%; required at least 15.00%. | Reported borrowings: ₹2,561.00 crore; debt/equity 0.37. The configured debt-free rule requires zero borrowings. Reported amounts can include lease liabilities; lending-company borrowings are part of their funding business. | Delivery: 32.53% versus 42.65% over the preceding 20 sessions. The daily figure is from the latest completed session, not intraday delivery. | FII: 15.14%; quarter-on-quarter change -0.45 percentage points. Minimum holding 5.00%; changes must be non-negative. | DII: 23.07%; quarter-on-quarter change 0.88 percentage points. Minimum holding 5.00%; changes must be non-negative. | Promoter: 37.01%; change 0.00 percentage points; pledged/encumbered holding 0.00%. Required holding ≥40.00%, non-decreasing and unpledged. | Revenue YoY growth, latest three reported quarters (oldest to newest): 14.77%, 19.23%, 17.86%. All three must be positive. | Net profit YoY growth, latest three reported quarters (oldest to newest): 2.62%, 32.37%, 21.88%. All three must be positive. | Commentary check: UNKNOWN. Positive themes: not recorded; negative-signal count: not recorded. This is an interpretation of prepared remarks, not a company-reported rating. | One-year sector return: UNKNOWN.  Reason: SECTOR_ONE_YEAR_RETURN_MISSING. | Stock versus sector over one year: UNKNOWN. stock_one_year_return_percent: -7.48 Reason: STOCK_OR_SECTOR_ONE_YEAR_RETURN_MISSING. | Current-session VWAP: UNKNOWN.  Reason: SESSION_VWAP_DATA_STALE. | Block-deal check: PASS.  Reason: NO_MATERIAL_BLOCK_DEAL_PRICE_IMPACT. | News: no independently verified stock-specific adverse development is recorded in this explanation. A model sentiment flag alone does not establish an adverse event; unresolved items require review."
